OrderId,ProductId,ItemType,ItemName,ItemDescription,Qty,PricePerUnit,Notes
6869,73,4,Health Food Bars,Super Delicious!,2,9.0,
6871,73,9,Health Food Bars,Super Delicious! ,1,5.0,
6871,0,2,Sales Tax,,1,0.45,
6875,81,9,Offic Organization Monthly Tips,,1,20.0,
6877,73,9,Health Food Bars,Super Delicious! ,1,5.0,
6877,0,2,Sales Tax,,1,0.45,
6879,0,1,Flat Rate Per Order,,1,5.0,
6881,0,1,Standard Shipping,,1,9.97,
6883,0,1,Rush Shipping,,1,29.99,
6885,81,9,Offic Organization Monthly Tips,,1,20.0,
6887,73,9,Health Food Bars,Super Delicious! ,1,5.0,
6887,0,2,Sales Tax,,1,0.45,
6889,73,9,Health Food Bars,Super Delicious! ,1,5.0,
6889,0,2,Sales Tax,,1,0.45,
6891,73,4,Health Food Bars,Super Delicious!,1,10.0,
6893,73,9,Health Food Bars,Super Delicious! ,1,5.0,
6893,0,2,Sales Tax,,1,0.45,
6895,73,9,Health Food Bars,Super Delicious! ,1,5.0,
6895,0,2,Sales Tax,,1,0.45,
6897,81,9,Offic Organization Monthly Tips,,1,20.0,
6899,73,9,Health Food Bars,Super Delicious! ,1,9.0,
6899,0,2,Sales Tax,,1,0.81,
6901,73,9,Health Food Bars,Super Delicious! ,1,5.0,
6901,0,2,Sales Tax,,1,0.45,
6903,81,9,Offic Organization Monthly Tips,,1,20.0,
6905,73,9,Health Food Bars,Super Delicious! ,1,5.0,
6905,0,2,Sales Tax,,1,0.45,
6907,73,9,Health Food Bars,Super Delicious! ,1,5.0,
6907,0,2,Sales Tax,,1,0.45,
6909,73,4,Health Food Bars,Super Delicious!,1,10.0,
6913,73,4,Health Food Bars,,1,10.0,
6915,73,9,Health Food Bars,Super Delicious! ,1,5.0,
6915,0,2,Sales Tax,,1,0.45,
6917,81,9,Offic Organization Monthly Tips,,1,20.0,
6919,73,9,Health Food Bars,Super Delicious! ,1,5.0,
6919,0,2,Sales Tax,,1,0.45,
6921,73,9,Health Food Bars,Super Delicious! ,1,5.0,
6921,0,2,Sales Tax,,1,0.45,
6923,83,4,4 month sub,,1,0.0,
6925,73,9,Health Food Bars,Super Delicious! ,1,5.0,
6925,0,2,Sales Tax,,1,0.45,
6927,73,9,Health Food Bars,Super Delicious! ,1,5.0,
6927,0,2,Sales Tax,,1,0.45,
6929,73,9,Health Food Bars,Super Delicious! ,1,5.0,
6929,0,2,Sales Tax,,1,0.45,
6931,81,9,Offic Organization Monthly Tips,,1,20.0,
6933,73,9,Health Food Bars,Super Delicious! ,1,5.0,
6933,0,2,Sales Tax,,1,0.45,
6935,73,9,Health Food Bars,Super Delicious! ,1,5.0,
6935,0,2,Sales Tax,,1,0.45,
6937,73,9,Health Food Bars,Super Delicious! ,1,5.0,
6937,0,1,Flat Rate Per Order,,1,5.0,
6937,0,2,Sales Tax,,1,0.45,
6939,73,9,Health Food Bars,Super Delicious! ,1,5.0,
6939,0,2,Sales Tax,,1,0.45,
6941,75,4,Healthy Eating for Nuts,"How to eat properly, from nuts to nuts ",1,15.0,
6941,0,2,Sales Tax,,1,1.36,
6943,73,9,Health Food Bars,Super Delicious! ,1,5.0,
6943,0,1,Flat Rate Per Order,,1,5.0,
6943,0,2,Sales Tax,,1,0.45,
6945,73,9,Health Food Bars,Super Delicious! ,1,5.0,
6945,0,2,Sales Tax,,1,0.45,
6947,81,9,Offic Organization Monthly Tips,,1,20.0,
6949,73,9,Health Food Bars,Super Delicious! ,1,5.0,
6949,0,1,Flat Rate Per Order,,1,5.0,
6949,0,2,Sales Tax,,1,0.45,
6951,73,9,Health Food Bars,Super Delicious! ,1,5.0,
6951,0,2,Sales Tax,,1,0.45,
6953,73,9,Health Food Bars,Super Delicious! ,1,5.0,
6953,0,1,Flat Rate Per Order,,1,5.0,
6953,0,2,Sales Tax,,1,0.45,
6955,73,9,Health Food Bars,Super Delicious! ,1,5.0,
6955,0,2,Sales Tax,,1,0.45,
6957,73,9,Health Food Bars,Super Delicious! ,1,5.0,
6957,0,1,Flat Rate Per Order,,1,5.0,
6957,0,2,Sales Tax,,1,0.45,
6959,73,9,Health Food Bars,Super Delicious! ,1,5.0,
6959,0,2,Sales Tax,,1,0.45,
6961,73,9,Health Food Bars,Super Delicious! ,1,5.0,
6961,0,1,Flat Rate Per Order,,1,5.0,
6961,0,2,Sales Tax,,1,0.45,
6963,73,9,Health Food Bars,Super Delicious! ,1,5.0,
6963,0,2,Sales Tax,,1,0.45,
6965,81,9,Offic Organization Monthly Tips,,1,20.0,
6967,73,9,Health Food Bars,Super Delicious! ,1,5.0,
6967,0,1,Flat Rate Per Order,,1,5.0,
6967,0,2,Sales Tax,,1,0.45,
6969,73,9,Health Food Bars,Super Delicious! ,1,5.0,
6969,0,2,Sales Tax,,1,0.45,
6971,73,4,Health Food Bars,Super Delicious!,1,10.0,
6971,0,2,Sales Tax,,1,0.91,
6973,73,4,Health Food Bars,Super Delicious! flavor: Gold Flakes,1,15.0,
6973,0,1,Flat Rate Per Order,,1,5.0,
6975,73,9,Health Food Bars,Super Delicious! ,1,5.0,
6975,0,1,Flat Rate Per Order,,1,5.0,
6975,0,2,Sales Tax,,1,0.45,
6977,73,9,Health Food Bars,Super Delicious! ,1,5.0,
6977,0,2,Sales Tax,,1,0.45,
6979,73,9,Health Food Bars,Super Delicious! ,1,5.0,
6979,0,1,Flat Rate Per Order,,1,5.0,
6979,0,2,Sales Tax,,1,0.45,
6981,73,9,Health Food Bars,Super Delicious! ,1,5.0,
6981,0,2,Sales Tax,,1,0.45,
6983,73,9,Health Food Bars,Super Delicious! ,1,5.0,
6983,0,1,Flat Rate Per Order,,1,5.0,
6983,0,2,Sales Tax,,1,0.45,
6985,73,9,Health Food Bars,Super Delicious! ,1,5.0,
6985,0,2,Sales Tax,,1,0.45,
6987,81,9,Offic Organization Monthly Tips,,1,20.0,
6989,73,9,Health Food Bars,Super Delicious! ,1,5.0,
6989,0,1,Flat Rate Per Order,,1,5.0,
6989,0,2,Sales Tax,,1,0.45,
6991,73,9,Health Food Bars,Super Delicious! ,1,5.0,
6991,0,2,Sales Tax,,1,0.45,
6993,73,9,Health Food Bars,Super Delicious! ,1,5.0,
6993,0,1,Shipping,,1,5.0,
6993,0,2,Sales Tax,,1,0.45,
6995,73,9,Health Food Bars,Super Delicious! ,1,5.0,
6995,0,2,Sales Tax,,1,0.45,
6997,73,9,Health Food Bars,Super Delicious! ,1,5.0,
6997,0,1,Shipping,,1,5.0,
6997,0,2,Sales Tax,,1,0.45,
6999,73,9,Health Food Bars,Super Delicious! ,1,5.0,
6999,0,2,Sales Tax,,1,0.45,
7001,73,9,Health Food Bars,Super Delicious! ,1,5.0,
7001,0,1,Shipping,,1,5.0,
7001,0,2,Sales Tax,,1,0.45,
7003,73,9,Health Food Bars,Super Delicious! ,1,5.0,
7003,0,2,Sales Tax,,1,0.45,
7005,73,9,Health Food Bars,Super Delicious! ,1,5.0,
7005,0,1,Shipping,,1,5.0,
7005,0,2,Sales Tax,,1,0.45,
7007,73,9,Health Food Bars,Super Delicious! ,1,5.0,
7007,0,2,Sales Tax,,1,0.45,
7009,81,9,Offic Organization Monthly Tips,,1,20.0,
7011,73,9,Health Food Bars,Super Delicious! ,1,5.0,
7011,0,1,Shipping,,1,5.0,
7011,0,2,Sales Tax,,1,0.45,
7013,73,9,Health Food Bars,Super Delicious! ,1,5.0,
7013,0,2,Sales Tax,,1,0.45,
7015,85,4,Corp Draw Playmat,created by Inked Playmats ,1,25.0,
7015,0,1,Shipping,,1,5.0,
7017,85,4,Corp Draw Playmat,created by Inked Playmats ,1,25.0,
7017,0,1,Shipping,,1,5.0,
7019,85,4,Corp Draw Playmat,created by Inked Playmats ,1,25.0,
7019,0,1,Shipping,,1,5.0,
7021,85,4,Corp Draw Playmat,created by Inked Playmats ,1,25.0,
7021,0,1,Shipping,,1,5.0,
7023,85,4,Corp Draw Playmat,created by Inked Playmats ,1,25.0,
7023,0,1,Shipping,,1,5.0,
7025,73,9,Health Food Bars,Super Delicious! ,1,5.0,
7025,0,1,Shipping,,1,5.0,
7025,0,2,Sales Tax,,1,0.45,
7027,85,4,Corp Draw Playmat,created by Inked Playmats ,1,25.0,
7027,0,1,Shipping,,1,5.0,
7029,85,4,Corp Draw Playmat,created by Inked Playmats ,1,25.0,
7029,0,1,Shipping,,1,5.0,
7031,85,4,Corp Draw Playmat,created by Inked Playmats ,1,25.0,
7031,0,1,Shipping,,1,5.0,
7033,85,4,Corp Draw Playmat,created by Inked Playmats ,1,25.0,
7033,0,1,Shipping,,1,5.0,
7035,85,4,Corp Draw Playmat,created by Inked Playmats ,1,25.0,
7035,0,1,Shipping,,1,5.0,
7037,73,9,Health Food Bars,Super Delicious! ,1,5.0,
7039,85,4,Corp Draw Playmat,created by Inked Playmats ,1,25.0,
7039,0,1,Shipping,,1,5.0,
7041,85,4,Corp Draw Playmat,printed by Inked Playmats ,1,25.0,
7041,0,1,Shipping,,1,5.0,
7043,85,4,Corp Draw Playmat,printed by Inked Playmats ,1,25.0,
7043,0,1,Shipping,,1,5.0,
7045,73,9,Health Food Bars,Super Delicious! ,1,5.0,
7045,0,1,Shipping,,1,5.0,
7047,73,9,Health Food Bars,Super Delicious! ,1,5.0,
7049,75,4,Healthy Eating for Nuts,"How to eat properly, from nuts to nuts ",1,15.0,
7051,73,9,Health Food Bars,Super Delicious! ,1,5.0,
7051,0,1,Shipping,,1,5.0,
7053,93,4,One-Time Product TEST,,1,97.0,
7055,73,9,Health Food Bars,Super Delicious! ,1,5.0,
7057,81,9,Offic Organization Monthly Tips,,1,20.0,
7059,93,4,One-Time Product TEST,,1,97.0,
7061,73,9,Health Food Bars,Super Delicious! ,1,5.0,
7061,0,1,Shipping,,1,5.0,
7063,73,9,Health Food Bars,Super Delicious! ,1,5.0,
7065,75,4,Healthy Eating for Nuts,"How to eat properly, from nuts to nuts ",1,15.0,
7065,0,2,Sales Tax,,1,1.36,
7067,73,9,Health Food Bars,Super Delicious! ,1,5.0,
7067,0,1,Shipping,,1,5.0,
7069,73,9,Health Food Bars,Super Delicious! ,1,5.0,
7071,73,9,Health Food Bars,Super Delicious! ,1,5.0,
7071,0,1,Shipping,,1,5.0,
7073,73,9,Health Food Bars,Super Delicious! ,1,5.0,
7075,73,9,Health Food Bars,Super Delicious! ,1,5.0,
7075,0,1,Shipping,,1,5.0,
7077,73,9,Health Food Bars,Super Delicious! ,1,5.0,
7079,73,4,Health Food Bars,Super Delicious! flavor: Peanut Butter,1,10.0,
7079,0,1,Shipping,,1,5.0,
7079,0,2,Sales Tax,,1,0.91,
7081,95,4,CC Update,,1,0.0,
7083,95,4,CC Update,,1,0.0,
7085,73,4,Health Food Bars,Super Delicious!,1,10.0,
7085,95,4,CC Update,,1,0.0,
7087,81,9,Offic Organization Monthly Tips,,1,20.0,
7089,73,9,Health Food Bars,Super Delicious! ,1,5.0,
7089,0,1,Shipping,,1,5.0,
7089,0,2,Sales Tax,,1,0.45,
7091,73,9,Health Food Bars,Super Delicious! ,1,5.0,
7091,0,2,Sales Tax,,1,0.45,
7093,73,9,Health Food Bars,Super Delicious! ,1,5.0,
7093,0,1,Shipping,,1,5.0,
7093,0,2,Sales Tax,,1,0.45,
7095,73,9,Health Food Bars,Super Delicious! ,1,5.0,
7095,0,2,Sales Tax,,1,0.45,
7097,73,9,Health Food Bars,Super Delicious! ,1,5.0,
7097,0,1,Shipping,,1,5.0,
7097,0,2,Sales Tax,,1,0.45,
7099,73,9,Health Food Bars,Super Delicious! ,1,5.0,
7099,0,2,Sales Tax,,1,0.45,
7101,73,9,Health Food Bars,Super Delicious! ,1,5.0,
7101,0,1,Shipping,,1,5.0,
7101,0,2,Sales Tax,,1,0.45,
7103,73,9,Health Food Bars,Super Delicious! ,1,5.0,
7103,0,2,Sales Tax,,1,0.45,
7105,73,9,Health Food Bars,Super Delicious! ,1,5.0,
7105,0,1,Shipping,,1,5.0,
7105,0,2,Sales Tax,,1,0.45,
7107,73,9,Health Food Bars,Super Delicious! ,1,5.0,
7107,0,2,Sales Tax,,1,0.45,
7109,81,9,Offic Organization Monthly Tips,,1,20.0,
7111,73,9,Health Food Bars,Super Delicious! ,1,5.0,
7111,0,1,Shipping,,1,5.0,
7111,0,2,Sales Tax,,1,0.45,
7113,73,9,Health Food Bars,Super Delicious! ,1,5.0,
7113,0,2,Sales Tax,,1,0.45,
7115,73,9,Health Food Bars,Super Delicious! ,1,5.0,
7115,0,1,Shipping,,1,5.0,
7115,0,2,Sales Tax,,1,0.45,
7117,73,9,Health Food Bars,Super Delicious! ,1,5.0,
7117,0,2,Sales Tax,,1,0.45,
7119,73,9,Health Food Bars,Super Delicious! ,1,5.0,
7119,0,1,Shipping,,1,5.0,
7119,0,2,Sales Tax,,1,0.45,
7121,73,9,Health Food Bars,Super Delicious! ,1,5.0,
7121,0,2,Sales Tax,,1,0.45,
7123,73,9,Health Food Bars,Super Delicious! ,1,5.0,
7123,0,1,Shipping,,1,5.0,
7123,0,2,Sales Tax,,1,0.45,
7125,0,0,TEST,,1,1500.0,
7125,0,6,,,1,150.0,
7127,73,9,Health Food Bars,Super Delicious! ,1,5.0,
7127,0,2,Sales Tax,,1,0.45,
7129,95,4,CC Update, test: TEST,1,15.0,
7131,81,9,Offic Organization Monthly Tips,,1,20.0,
7133,73,9,Health Food Bars,Super Delicious! ,1,5.0,
7133,0,1,Shipping,,1,5.0,
7133,0,2,Sales Tax,,1,0.45,
7135,73,9,Health Food Bars,Super Delicious! ,1,5.0,
7135,0,2,Sales Tax,,1,0.45,
7137,73,9,Health Food Bars,Super Delicious! ,1,5.0,
7137,0,1,Shipping,,1,5.0,
7137,0,2,Sales Tax,,1,0.45,
7139,73,9,Health Food Bars,Super Delicious! ,1,5.0,
7139,0,2,Sales Tax,,1,0.45,
7141,93,4,One-Time Product TEST,,1,97.0,
7143,73,9,Health Food Bars,Super Delicious! ,1,5.0,
7143,0,1,Shipping,,1,5.0,
7143,0,2,Sales Tax,,1,0.45,
7145,73,9,Health Food Bars,Super Delicious! ,1,5.0,
7145,0,2,Sales Tax,,1,0.45,
7147,73,9,Health Food Bars,Super Delicious! ,1,5.0,
7147,0,1,Shipping,,1,5.0,
7147,0,2,Sales Tax,,1,0.45,
7149,73,9,Health Food Bars,Super Delicious! ,1,5.0,
7149,0,2,Sales Tax,,1,0.45,
7151,73,9,Health Food Bars,Super Delicious! ,1,5.0,
7151,0,1,Shipping,,1,5.0,
7151,0,2,Sales Tax,,1,0.45,
7153,73,9,Health Food Bars,Super Delicious! ,1,5.0,
7153,0,2,Sales Tax,,1,0.45,
7155,81,9,Offic Organization Monthly Tips,,1,20.0,
7157,73,9,Health Food Bars,Super Delicious! ,1,5.0,
7157,0,1,Shipping,,1,5.0,
7157,0,2,Sales Tax,,1,0.45,
7159,73,9,Health Food Bars,Super Delicious! ,1,5.0,
7159,0,2,Sales Tax,,1,0.45,
7161,93,4,One-Time Product TEST,,1,97.0,
7163,73,9,Health Food Bars,Super Delicious! ,1,5.0,
7163,0,1,Shipping,,1,5.0,
7163,0,2,Sales Tax,,1,0.45,
7165,73,9,Health Food Bars,Super Delicious! ,1,5.0,
7165,0,2,Sales Tax,,1,0.45,
7167,93,4,One-Time Product TEST,,1,97.0,
7169,73,9,Health Food Bars,Super Delicious! ,1,5.0,
7169,0,1,Shipping,,1,5.0,
7169,0,2,Sales Tax,,1,0.45,
7171,73,9,Health Food Bars,Super Delicious! ,1,5.0,
7171,0,2,Sales Tax,,1,0.45,
7173,73,9,Health Food Bars,Super Delicious! ,1,5.0,
7173,0,1,Shipping,,1,5.0,
7173,0,2,Sales Tax,,1,0.45,
7175,73,9,Health Food Bars,Super Delicious! ,1,5.0,
7175,0,2,Sales Tax,,1,0.45,
7177,81,9,Offic Organization Monthly Tips,,1,20.0,
7179,73,9,Health Food Bars,Super Delicious! ,1,5.0,
7179,0,1,Shipping,,1,5.0,
7179,0,2,Sales Tax,,1,0.45,
7181,73,9,Health Food Bars,Super Delicious! ,1,5.0,
7181,0,2,Sales Tax,,1,0.45,
7183,73,9,Health Food Bars,Super Delicious! ,1,5.0,
7183,0,1,Shipping,,1,5.0,
7183,0,2,Sales Tax,,1,0.45,
7185,97,4,Product in a category,,1,5.0,
7187,73,9,Health Food Bars,Super Delicious! ,1,5.0,
7187,0,2,Sales Tax,,1,0.45,
7189,73,9,Health Food Bars,Super Delicious! ,1,5.0,
7189,0,1,Shipping,,1,5.0,
7189,0,2,Sales Tax,,1,0.45,
7191,73,9,Health Food Bars,Super Delicious! ,1,5.0,
7191,0,2,Sales Tax,,1,0.45,
7193,73,9,Health Food Bars,Super Delicious! ,1,5.0,
7193,0,1,Shipping,,1,5.0,
7193,0,2,Sales Tax,,1,0.45,
7195,73,9,Health Food Bars,Super Delicious! ,1,5.0,
7195,0,2,Sales Tax,,1,0.45,
7197,81,9,Offic Organization Monthly Tips,,1,20.0,
7199,73,9,Health Food Bars,Super Delicious! ,1,5.0,
7199,0,1,Shipping,,1,5.0,
7199,0,2,Sales Tax,,1,0.45,
7201,73,9,Health Food Bars,Super Delicious! ,1,5.0,
7201,0,2,Sales Tax,,1,0.45,
7203,93,4,One-Time Product TEST TEST TEST,,1,97.0,
7205,73,9,Health Food Bars,Super Delicious! ,1,5.0,
7205,0,1,Shipping,,1,5.0,
7205,0,2,Sales Tax,,1,0.45,
7207,73,9,Health Food Bars,Super Delicious! ,1,5.0,
7207,0,2,Sales Tax,,1,0.45,
7209,73,9,Health Food Bars,Super Delicious! ,1,5.0,
7209,0,1,Shipping,,1,5.0,
7209,0,2,Sales Tax,,1,0.45,
7211,73,9,Health Food Bars,Super Delicious! ,1,5.0,
7211,0,2,Sales Tax,,1,0.45,
7213,73,9,Health Food Bars,Super Delicious! ,1,5.0,
7213,0,1,Shipping,,1,5.0,
7213,0,2,Sales Tax,,1,0.45,
7215,73,9,Health Food Bars,Super Delicious! ,1,5.0,
7215,0,2,Sales Tax,,1,0.45,
7217,73,9,Health Food Bars,Super Delicious! ,1,5.0,
7217,0,1,Shipping,,1,5.0,
7217,0,2,Sales Tax,,1,0.45,
7219,73,9,Health Food Bars,Super Delicious! ,1,5.0,
7219,0,2,Sales Tax,,1,0.45,
7221,81,9,Offic Organization Monthly Tips,,3,20.0,
7221,0,0,TEST,TEST,1,-10.0,
7223,73,9,Health Food Bars,Super Delicious! ,1,5.0,
7223,0,1,Shipping,,1,5.0,
7223,0,2,Sales Tax,,1,0.45,
7225,73,9,Health Food Bars,Super Delicious! ,1,5.0,
7225,0,2,Sales Tax,,1,0.45,
7227,73,9,Health Food Bars,Super Delicious! ,1,5.0,
7227,0,1,Shipping,,1,5.0,
7227,0,2,Sales Tax,,1,0.45,
7221,0,2,Sales Tax,,1,0.0,
7229,73,9,Health Food Bars,Super Delicious! ,1,5.0,
7229,0,2,Sales Tax,,1,0.45,
7231,91,9, Subscription TEST,,1,20.0,
7233,73,9,Health Food Bars,Super Delicious! ,1,5.0,
7233,0,2,Sales Tax,,1,0.45,
7235,73,9,Health Food Bars,Super Delicious! ,1,5.0,
7235,0,2,Sales Tax,,1,0.45,
7237,81,9,Offic Organization Monthly Tips,,1,20.0,
7239,95,4,CC Update, test: TEST,1,15.0,
7239,91,9, Subscription TEST,,1,20.0,
7241,73,4,Health Food Bars,Super Delicious! flavor: Peanut Butter,1,10.0,
7241,0,1,Shipping,,1,5.0,
7241,0,2,Sales Tax,,1,0.91,
7243,73,4,Health Food Bars,Super Delicious! flavor: Peanut Butter,1,10.0,
7243,0,1,Shipping,,1,5.0,
7245,73,9,Health Food Bars,Super Delicious! ,1,5.0,
7247,73,9,Health Food Bars,Super Delicious! ,1,5.0,
7249,91,9, Subscription TEST,,1,20.0,
7251,91,9, Subscription TEST,,1,20.0,
7253,91,9, Subscription TEST,,1,20.0,
7255,91,9, Subscription TEST,,1,20.0,
7257,73,9,Health Food Bars,Super Delicious! ,1,5.0,
7259,91,9, Subscription TEST,,1,20.0,
7261,91,9, Subscription TEST,,1,20.0,
7263,91,9, Subscription TEST,,1,20.0,
7265,91,9, Subscription TEST,,1,20.0,
7267,91,9, Subscription TEST,,1,20.0,
7269,91,9, Subscription TEST,,1,20.0,
7271,91,9, Subscription TEST,,1,20.0,
7273,73,9,Health Food Bars,Super Delicious! ,1,5.0,
7275,91,9, Subscription TEST,,1,20.0,
7277,91,9, Subscription TEST,,1,20.0,
7279,91,9, Subscription TEST,,1,20.0,
7281,91,9, Subscription TEST,,1,20.0,
7283,81,9,Offic Organization Monthly Tips,,1,20.0,
7285,91,9, Subscription TEST,,1,20.0,
7287,91,9, Subscription TEST,,1,20.0,
7289,101,4,Payment Plan,,1,100.0,
7291,91,9, Subscription TEST,,1,20.0,
7293,91,9, Subscription TEST,,1,20.0,
7295,73,9,Health Food Bars,Super Delicious! ,1,5.0,
7297,91,9, Subscription TEST,,1,20.0,
7299,91,9, Subscription TEST,,1,20.0,
7301,91,9, Subscription TEST,,1,20.0,
7303,91,9, Subscription TEST,,1,20.0,
7305,91,9, Subscription TEST,,1,20.0,
7307,91,9, Subscription TEST,,1,20.0,
7309,91,9, Subscription TEST,,1,20.0,
7311,73,9,Health Food Bars,Super Delicious! ,1,5.0,
7313,91,9, Subscription TEST,,1,20.0,
7315,91,9, Subscription TEST,,1,20.0,
7317,91,9, Subscription TEST,,1,20.0,
7319,91,9, Subscription TEST,,1,20.0,
7321,91,9, Subscription TEST,,1,20.0,
7323,91,9, Subscription TEST,,1,20.0,
7325,91,9, Subscription TEST,,1,20.0,
7327,73,9,Health Food Bars,Super Delicious! ,1,5.0,
7329,91,9, Subscription TEST,,1,20.0,
7331,91,9, Subscription TEST,,1,20.0,
7333,91,9, Subscription TEST,,1,20.0,
7335,91,9, Subscription TEST,,1,20.0,
7337,91,9, Subscription TEST,,1,20.0,
7339,91,9, Subscription TEST,,1,20.0,
7341,91,9, Subscription TEST,,1,20.0,
7343,73,9,Health Food Bars,Super Delicious! ,1,5.0,
7345,91,9, Subscription TEST,,1,20.0,
7347,101,4,Payment Plan,,1,100.0,
7349,91,9, Subscription TEST,,1,20.0,
7351,91,9, Subscription TEST,,1,20.0,
7353,91,9, Subscription TEST,,1,20.0,
7355,91,9, Subscription TEST,,1,20.0,
7357,91,9, Subscription TEST,,1,20.0,
7359,91,9, Subscription TEST,,1,20.0,
7361,73,9,Health Food Bars,Super Delicious! ,1,5.0,
7363,81,9,Offic Organization Monthly Tips,,1,20.0,
7365,91,9, Subscription TEST,,1,20.0,
7367,91,9, Subscription TEST,,1,20.0,
7369,91,9, Subscription TEST,,1,20.0,
7371,91,9, Subscription TEST,,1,20.0,
7373,91,9, Subscription TEST,,1,20.0,
7375,91,9, Subscription TEST,,1,20.0,
7377,91,9, Subscription TEST,,1,20.0,
7379,91,9, Subscription TEST,,1,20.0,
7381,73,9,Health Food Bars,Super Delicious! ,1,5.0,
7383,91,9, Subscription TEST,,1,20.0,
7385,91,9, Subscription TEST,,1,20.0,
7387,91,9, Subscription TEST,,1,20.0,
7389,91,9, Subscription TEST,,1,20.0,
7391,91,9, Subscription TEST,,1,20.0,
7393,91,9, Subscription TEST,,1,20.0,
7395,91,9, Subscription TEST,,1,20.0,
7397,73,9,Health Food Bars,Super Delicious! ,1,5.0,
7399,91,9, Subscription TEST,,1,20.0,
7401,91,9, Subscription TEST,,1,20.0,
7403,91,9, Subscription TEST,,1,20.0,
7405,91,9, Subscription TEST,,1,20.0,
7407,91,9, Subscription TEST,,1,20.0,
7409,91,9, Subscription TEST,,1,20.0,
7411,91,9, Subscription TEST,,1,20.0,
7413,73,9,Health Food Bars,Super Delicious! ,1,5.0,
7415,91,9, Subscription TEST,,1,20.0,
7417,91,9, Subscription TEST,,1,20.0,
7419,91,9, Subscription TEST,,1,20.0,
7421,91,9, Subscription TEST,,1,20.0,
7423,91,9, Subscription TEST,,1,20.0,
7425,91,9, Subscription TEST,,1,20.0,
7427,91,9, Subscription TEST,,1,20.0,
7429,73,9,Health Food Bars,Super Delicious! ,1,5.0,
7431,91,9, Subscription TEST,,1,20.0,
7433,91,9, Subscription TEST,,1,20.0,
7435,81,9,Offic Organization Monthly Tips,,1,20.0,
7437,91,9, Subscription TEST,,1,20.0,
7439,91,9, Subscription TEST,,1,20.0,
7441,91,9, Subscription TEST,,1,20.0,
7443,91,9, Subscription TEST,,1,20.0,
7445,91,9, Subscription TEST,,1,20.0,
7447,91,9, Subscription TEST,,1,20.0,
7449,73,9,Health Food Bars,Super Delicious! ,1,5.0,
7451,91,9, Subscription TEST,,1,20.0,
7453,91,9, Subscription TEST,,1,20.0,
7455,91,9, Subscription TEST,,1,20.0,
7457,91,9, Subscription TEST,,1,20.0,
7459,91,9, Subscription TEST,,1,20.0,
7461,91,9, Subscription TEST,,1,20.0,
7463,91,9, Subscription TEST,,1,20.0,
7465,73,9,Health Food Bars,Super Delicious! ,1,5.0,
7467,91,9, Subscription TEST,,1,20.0,
7469,91,9, Subscription TEST,,1,20.0,
7471,89,4,City Taxable Product,,1,5000.0,
7473,91,9, Subscription TEST,,1,20.0,
7475,91,9, Subscription TEST,,1,20.0,
7477,91,9, Subscription TEST,,1,20.0,
7479,91,9, Subscription TEST,,1,20.0,
7481,91,9, Subscription TEST,,1,20.0,
7483,73,9,Health Food Bars,Super Delicious! ,1,5.0,
7485,91,9, Subscription TEST,,1,20.0,
7487,91,9, Subscription TEST,,1,20.0,
7471,0,1,Shipping,,1,500.0,
7489,91,9, Subscription TEST,,1,20.0,
7491,91,9, Subscription TEST,,1,20.0,
7493,91,9, Subscription TEST,,1,20.0,
7495,91,9, Subscription TEST,,1,20.0,
7497,91,9, Subscription TEST,,1,20.0,
7499,73,9,Health Food Bars,Super Delicious! ,1,5.0,
7501,91,9, Subscription TEST,,1,20.0,
7503,91,9, Subscription TEST,,1,20.0,
7505,91,9, Subscription TEST,,1,20.0,
7507,91,9, Subscription TEST,,1,20.0,
7509,91,9, Subscription TEST,,1,20.0,
7511,81,9,Offic Organization Monthly Tips,,1,20.0,
7513,91,9, Subscription TEST,,1,20.0,
7515,91,9, Subscription TEST,,1,20.0,
7517,91,9, Subscription TEST,,1,20.0,
7519,73,9,Health Food Bars,Super Delicious! ,1,5.0,
7521,91,9, Subscription TEST,,1,20.0,
7523,91,9, Subscription TEST,,1,20.0,
7525,91,9, Subscription TEST,,1,20.0,
7527,91,9, Subscription TEST,,1,20.0,
7529,91,9, Subscription TEST,,1,20.0,
7531,91,9, Subscription TEST,,1,20.0,
7533,91,9, Subscription TEST,,1,20.0,
7535,73,9,Health Food Bars,Super Delicious! ,1,5.0,
7537,91,9, Subscription TEST,,1,20.0,
7539,91,9, Subscription TEST,,1,20.0,
7541,91,9, Subscription TEST,,1,20.0,
7543,91,9, Subscription TEST,,1,20.0,
7545,91,9, Subscription TEST,,1,20.0,
7547,91,9, Subscription TEST,,1,20.0,
7549,91,9, Subscription TEST,,1,20.0,
7551,73,9,Health Food Bars,Super Delicious! ,1,5.0,
7553,91,9, Subscription TEST,,1,20.0,
7555,91,9, Subscription TEST,,1,20.0,
7557,91,9, Subscription TEST,,1,20.0,
7559,91,9, Subscription TEST,,1,20.0,
7561,91,9, Subscription TEST,,1,20.0,
7563,91,9, Subscription TEST,,1,20.0,
7565,91,9, Subscription TEST,,1,20.0,
7567,73,9,Health Food Bars,Super Delicious! ,1,5.0,
7569,91,9, Subscription TEST,,1,20.0,
7571,91,9, Subscription TEST,,1,20.0,
7573,91,9, Subscription TEST,,1,20.0,
7575,91,9, Subscription TEST,,1,20.0,
7577,91,9, Subscription TEST,,1,20.0,
7579,91,9, Subscription TEST,,1,20.0,
7581,93,4,One-Time Product TEST TEST TEST,,1,97.0,
7581,0,12,test,,1,-48.0,
7583,91,9, Subscription TEST,,1,20.0,
7585,73,9,Health Food Bars,Super Delicious! ,1,5.0,
7587,81,9,Offic Organization Monthly Tips,,1,20.0,
7589,91,9, Subscription TEST,,1,20.0,
7591,91,9, Subscription TEST,,1,20.0,
7593,91,9, Subscription TEST,,1,20.0,
7595,91,9, Subscription TEST,,1,20.0,
7597,91,9, Subscription TEST,,1,20.0,
7599,91,9, Subscription TEST,,1,20.0,
7601,99,4,Shippable,,1,25.0,
7603,91,9, Subscription TEST,,1,20.0,
7605,91,9, Subscription TEST,,1,20.0,
7607,73,9,Health Food Bars,Super Delicious! ,1,5.0,
7609,91,9, Subscription TEST,,1,20.0,
7611,91,9, Subscription TEST,,1,20.0,
7613,91,9, Subscription TEST,,1,20.0,
7615,91,9, Subscription TEST,,1,20.0,
7617,91,9, Subscription TEST,,1,20.0,
7619,91,9, Subscription TEST,,1,20.0,
7621,91,9, Subscription TEST,,1,20.0,
7623,73,9,Health Food Bars,Super Delicious! ,1,5.0,
7625,91,9, Subscription TEST,,1,20.0,
7627,91,9, Subscription TEST,,1,20.0,
7629,91,9, Subscription TEST,,1,20.0,
7631,91,9, Subscription TEST,,1,20.0,
7633,91,9, Subscription TEST,,1,20.0,
7635,91,9, Subscription TEST,,1,20.0,
7637,91,9, Subscription TEST,,1,20.0,
7639,73,9,Health Food Bars,Super Delicious! ,1,5.0,
7641,91,9, Subscription TEST,,1,20.0,
7643,91,9, Subscription TEST,,1,20.0,
7645,91,9, Subscription TEST,,1,20.0,
7647,91,9, Subscription TEST,,1,20.0,
7649,91,9, Subscription TEST,,1,20.0,
7651,91,9, Subscription TEST,,1,20.0,
7653,91,9, Subscription TEST,,1,20.0,
7655,73,9,Health Food Bars,Super Delicious! ,1,5.0,
7657,91,9, Subscription TEST,,1,20.0,
7659,91,9, Subscription TEST,,1,20.0,
7661,91,9, Subscription TEST,,1,20.0,
7663,81,9,Offic Organization Monthly Tips,,1,20.0,
7665,91,9, Subscription TEST,,1,20.0,
7667,91,9, Subscription TEST,,1,20.0,
7669,91,9, Subscription TEST,,1,20.0,
7671,91,9, Subscription TEST,,1,20.0,
7673,91,9, Subscription TEST,,1,20.0,
7675,73,9,Health Food Bars,Super Delicious! ,1,5.0,
7677,91,9, Subscription TEST,,1,20.0,
7679,91,9, Subscription TEST,,1,20.0,
7681,91,9, Subscription TEST,,1,20.0,
7683,91,9, Subscription TEST,,1,20.0,
7685,91,9, Subscription TEST,,1,20.0,
7687,91,9, Subscription TEST,,1,20.0,
7689,91,9, Subscription TEST,,1,20.0,
7691,91,9, Subscription TEST,,1,20.0,
7693,89,4,City Taxable Product,,1,5000.0,
7695,73,9,Health Food Bars,Super Delicious! ,1,5.0,
7697,91,9, Subscription TEST,,1,20.0,
7699,91,9, Subscription TEST,,1,20.0,
7701,91,9, Subscription TEST,,1,20.0,
7703,91,9, Subscription TEST,,1,20.0,
7705,91,9, Subscription TEST,,1,20.0,
7707,91,9, Subscription TEST,,1,20.0,
7709,91,9, Subscription TEST,,1,20.0,
7711,73,9,Health Food Bars,Super Delicious! ,1,5.0,
7713,91,9, Subscription TEST,,1,20.0,
7715,91,9, Subscription TEST,,1,20.0,
7717,91,9, Subscription TEST,,1,20.0,
7719,91,9, Subscription TEST,,1,20.0,
7721,91,9, Subscription TEST,,1,20.0,
7723,91,9, Subscription TEST,,1,20.0,
7725,91,9, Subscription TEST,,1,20.0,
7727,73,9,Health Food Bars,Super Delicious! ,1,5.0,
7729,91,9, Subscription TEST,,1,20.0,
7731,91,9, Subscription TEST,,1,20.0,
7733,91,9, Subscription TEST,,1,20.0,
7735,91,9, Subscription TEST,,1,20.0,
7737,91,9, Subscription TEST,,1,20.0,
7739,91,9, Subscription TEST,,1,20.0,
7741,81,9,Offic Organization Monthly Tips,,1,20.0,
7743,91,9, Subscription TEST,,1,20.0,
7745,91,9, Subscription TEST,,1,20.0,
7747,73,9,Health Food Bars,Super Delicious! ,1,5.0,
7749,91,9, Subscription TEST,,1,20.0,
7751,91,9, Subscription TEST,,1,20.0,
7753,91,9, Subscription TEST,,1,20.0,
7755,91,9, Subscription TEST,,1,20.0,
7757,91,9, Subscription TEST,,1,20.0,
7759,91,9, Subscription TEST,,1,20.0,
7761,91,9, Subscription TEST,,1,20.0,
7763,91,9, Subscription TEST,,1,20.0,
7765,73,9,Health Food Bars,Super Delicious! ,1,5.0,
7767,91,9, Subscription TEST,,1,20.0,
7769,91,9, Subscription TEST,,1,20.0,
7771,91,9, Subscription TEST,,1,20.0,
7773,91,9, Subscription TEST,,1,20.0,
7775,91,9, Subscription TEST,,1,20.0,
7777,91,9, Subscription TEST,,1,20.0,
7779,91,9, Subscription TEST,,1,20.0,
7781,73,9,Health Food Bars,Super Delicious! ,1,5.0,
7783,91,9, Subscription TEST,,1,20.0,
7785,103,4,Manual Purchase,,1,1337.0,
7787,91,9, Subscription TEST,,1,20.0,
7789,91,9, Subscription TEST,,1,20.0,
7791,91,9, Subscription TEST,,1,20.0,
7793,91,9, Subscription TEST,,1,20.0,
7795,91,9, Subscription TEST,,1,20.0,
7797,91,9, Subscription TEST,,1,20.0,
7799,73,9,Health Food Bars,Super Delicious! ,1,5.0,
7801,91,9, Subscription TEST,,1,20.0,
7803,91,9, Subscription TEST,,1,20.0,
7805,91,9, Subscription TEST,,1,20.0,
7807,91,9, Subscription TEST,,1,20.0,
7809,91,9, Subscription TEST,,1,20.0,
7811,91,9, Subscription TEST,,1,20.0,
7813,91,9, Subscription TEST,,1,20.0,
7815,73,9,Health Food Bars,Super Delicious! ,1,5.0,
7817,91,9, Subscription TEST,,1,20.0,
7819,81,9,Offic Organization Monthly Tips,,1,20.0,
7821,91,9, Subscription TEST,,1,20.0,
7823,91,9, Subscription TEST,,1,20.0,
7825,91,9, Subscription TEST,,1,20.0,
7827,91,9, Subscription TEST,,1,20.0,
7829,91,9, Subscription TEST,,1,20.0,
7831,91,9, Subscription TEST,,1,20.0,
7833,91,9, Subscription TEST,,1,20.0,
7835,91,9, Subscription TEST,,1,20.0,
7837,73,9,Health Food Bars,Super Delicious! ,1,5.0,
7839,91,9, Subscription TEST,,1,20.0,
7841,91,9, Subscription TEST,,1,20.0,
7843,91,9, Subscription TEST,,1,20.0,
7845,91,9, Subscription TEST,,1,20.0,
7847,91,9, Subscription TEST,,1,20.0,
7849,91,9, Subscription TEST,,1,20.0,
7851,91,9, Subscription TEST,,1,20.0,
7853,73,9,Health Food Bars,Super Delicious! ,1,5.0,
7855,91,9, Subscription TEST,,1,20.0,
7857,91,9, Subscription TEST,,1,20.0,
7859,91,9, Subscription TEST,,1,20.0,
7861,91,9, Subscription TEST,,1,20.0,
7863,91,9, Subscription TEST,,1,20.0,
7865,91,9, Subscription TEST,,1,20.0,
7867,91,9, Subscription TEST,,1,20.0,
7869,73,9,Health Food Bars,Super Delicious! ,1,5.0,
7871,91,9, Subscription TEST,,1,20.0,
7873,91,9, Subscription TEST,,1,20.0,
7875,91,9, Subscription TEST,,1,20.0,
7877,91,9, Subscription TEST,,1,20.0,
7879,91,9, Subscription TEST,,1,20.0,
7881,91,9, Subscription TEST,,1,20.0,
7883,91,9, Subscription TEST,,1,20.0,
7471,0,4,TEST,,1,13.0,
7885,73,9,Health Food Bars,Super Delicious! ,1,5.0,
7887,91,9, Subscription TEST,,1,20.0,
7889,91,9, Subscription TEST,,1,20.0,
7891,91,9, Subscription TEST,,1,20.0,
7893,91,9, Subscription TEST,,1,20.0,
7895,81,9,Offic Organization Monthly Tips,,1,20.0,
7897,91,9, Subscription TEST,,1,20.0,
7899,91,9, Subscription TEST,,1,20.0,
7901,91,9, Subscription TEST,,1,20.0,
7903,91,9, Subscription TEST,,1,20.0,
7905,73,9,Health Food Bars,Super Delicious! ,1,5.0,
7907,91,9, Subscription TEST,,1,20.0,
7909,91,9, Subscription TEST,,1,20.0,
7911,91,9, Subscription TEST,,1,20.0,
7913,91,9, Subscription TEST,,1,20.0,
7915,91,9, Subscription TEST,,1,20.0,
7917,91,9, Subscription TEST,,1,20.0,
7919,91,9, Subscription TEST,,1,20.0,
7921,91,9, Subscription TEST,,1,20.0,
7923,73,9,Health Food Bars,Super Delicious! ,1,5.0,
7925,91,9, Subscription TEST,,1,20.0,
7927,91,9, Subscription TEST,,1,20.0,
7929,91,9, Subscription TEST,,1,20.0,
7931,91,9, Subscription TEST,,1,20.0,
7933,91,9, Subscription TEST,,1,20.0,
7935,91,9, Subscription TEST,,1,20.0,
7937,91,9, Subscription TEST,,1,20.0,
7939,73,9,Health Food Bars,Super Delicious! ,1,5.0,
7941,91,9, Subscription TEST,,1,20.0,
7943,91,9, Subscription TEST,,1,20.0,
7945,91,9, Subscription TEST,,1,20.0,
7947,91,9, Subscription TEST,,1,20.0,
7949,91,9, Subscription TEST,,1,20.0,
7951,91,9, Subscription TEST,,1,20.0,
7953,91,9, Subscription TEST,,1,20.0,
7955,73,9,Health Food Bars,Super Delicious! ,1,5.0,
7957,91,9, Subscription TEST,,1,20.0,
7959,91,9, Subscription TEST,,1,20.0,
7961,91,9, Subscription TEST,,1,20.0,
7963,91,9, Subscription TEST,,1,20.0,
7965,91,9, Subscription TEST,,1,20.0,
7967,91,9, Subscription TEST,,1,20.0,
7969,81,9,Offic Organization Monthly Tips,,1,20.0,
7971,91,9, Subscription TEST,,1,20.0,
7973,91,9, Subscription TEST,,1,20.0,
7975,73,9,Health Food Bars,Super Delicious! ,1,5.0,
7977,91,9, Subscription TEST,,1,20.0,
7979,91,9, Subscription TEST,,1,20.0,
7981,91,9, Subscription TEST,,1,20.0,
7983,91,9, Subscription TEST,,1,20.0,
7985,91,9, Subscription TEST,,1,20.0,
7987,91,9, Subscription TEST,,1,20.0,
7989,91,9, Subscription TEST,,1,20.0,
7991,91,9, Subscription TEST,,1,20.0,
7993,73,9,Health Food Bars,Super Delicious! ,1,5.0,
7995,91,9, Subscription TEST,,1,20.0,
7997,91,9, Subscription TEST,,1,20.0,
7999,91,9, Subscription TEST,,1,20.0,
8001,91,9, Subscription TEST,,1,20.0,
8003,91,9, Subscription TEST,,1,20.0,
8005,91,9, Subscription TEST,,1,20.0,
8007,91,9, Subscription TEST,,1,20.0,
8009,73,9,Health Food Bars,Super Delicious! ,1,5.0,
8011,91,9, Subscription TEST,,1,20.0,
8013,91,9, Subscription TEST,,1,20.0,
8015,91,9, Subscription TEST,,1,20.0,
8017,91,9, Subscription TEST,,1,20.0,
8019,91,9, Subscription TEST,,1,20.0,
8021,91,9, Subscription TEST,,1,20.0,
8023,91,9, Subscription TEST,,1,20.0,
8025,73,9,Health Food Bars,Super Delicious! ,1,5.0,
8027,91,9, Subscription TEST,,1,20.0,
8029,91,9, Subscription TEST,,1,20.0,
8031,91,9, Subscription TEST,,1,20.0,
8033,91,9, Subscription TEST,,1,20.0,
8035,91,9, Subscription TEST,,1,20.0,
8037,91,9, Subscription TEST,,1,20.0,
8039,91,9, Subscription TEST,,1,20.0,
8041,73,9,Health Food Bars,Super Delicious! ,1,5.0,
8043,91,9, Subscription TEST,,1,20.0,
8045,91,9, Subscription TEST,,1,20.0,
8047,81,9,Offic Organization Monthly Tips,,1,20.0,
8049,91,9, Subscription TEST,,1,20.0,
8051,91,9, Subscription TEST,,1,20.0,
8053,91,9, Subscription TEST,,1,20.0,
8055,91,9, Subscription TEST,,1,20.0,
8057,91,9, Subscription TEST,,1,20.0,
8059,91,9, Subscription TEST,,1,20.0,
8061,73,9,Health Food Bars,Super Delicious! ,1,5.0,
8063,91,9, Subscription TEST,,1,20.0,
8065,91,9, Subscription TEST,,1,20.0,
8067,91,9, Subscription TEST,,1,20.0,
8069,91,9, Subscription TEST,,1,20.0,
8071,91,9, Subscription TEST,,1,20.0,
8073,91,9, Subscription TEST,,1,20.0,
8075,91,9, Subscription TEST,,1,20.0,
8077,73,4,Health Food Bars,Super Delicious! flavor: Peanut Butter,1,10.0,
8077,0,1,Shipping,,1,5.0,
8077,0,2,Sales Tax,,1,0.91,
8079,73,4,Health Food Bars,Super Delicious! flavor: Peanut Butter,1,10.0,
8079,0,1,Shipping,,1,5.0,
8079,0,2,Sales Tax,,1,0.91,
8081,91,9, Subscription TEST,,1,20.0,
8083,73,9,Health Food Bars,Super Delicious! ,1,5.0,
8083,0,2,Sales Tax,,1,0.45,
8085,91,9, Subscription TEST,,1,20.0,
8087,91,9, Subscription TEST,,1,20.0,
8089,91,9, Subscription TEST,,1,20.0,
8091,91,9, Subscription TEST,,1,20.0,
8093,91,9, Subscription TEST,,1,20.0,
8095,91,9, Subscription TEST,,1,20.0,
8097,91,9, Subscription TEST,,1,20.0,
8099,93,4,One-Time Product TEST TEST TEST,,1,97.0,
8101,73,9,Health Food Bars,Super Delicious! ,1,5.0,
8101,0,2,Sales Tax,,1,0.45,
8103,91,9, Subscription TEST,,1,20.0,
8105,91,9, Subscription TEST,,1,20.0,
8107,91,9, Subscription TEST,,1,20.0,
8109,91,9, Subscription TEST,,1,20.0,
8111,91,9, Subscription TEST,,1,20.0,
8113,91,9, Subscription TEST,,1,20.0,
8115,91,9, Subscription TEST,,1,20.0,
8117,73,9,Health Food Bars,Super Delicious! ,1,5.0,
8117,0,2,Sales Tax,,1,0.45,
8119,91,9, Subscription TEST,,1,20.0,
8121,91,9, Subscription TEST,,1,20.0,
8123,91,9, Subscription TEST,,1,20.0,
8125,91,9, Subscription TEST,,1,20.0,
8127,91,9, Subscription TEST,,1,20.0,
8129,81,9,Offic Organization Monthly Tips,,1,20.0,
8131,91,9, Subscription TEST,,1,20.0,
8133,91,9, Subscription TEST,,1,20.0,
8135,91,9, Subscription TEST,,1,20.0,
8137,73,9,Health Food Bars,Super Delicious! ,1,5.0,
8137,0,2,Sales Tax,,1,0.45,
8139,91,9, Subscription TEST,,1,20.0,
8141,91,9, Subscription TEST,,1,20.0,
8143,91,9, Subscription TEST,,1,20.0,
8145,91,9, Subscription TEST,,1,20.0,
8147,91,9, Subscription TEST,,1,20.0,
8149,91,9, Subscription TEST,,1,20.0,
8151,91,9, Subscription TEST,,1,20.0,
8153,91,9, Subscription TEST,,1,20.0,
8155,73,9,Health Food Bars,Super Delicious! ,1,5.0,
8155,0,2,Sales Tax,,1,0.45,
8157,91,9, Subscription TEST,,1,20.0,
8159,91,9, Subscription TEST,,1,20.0,
8161,91,9, Subscription TEST,,1,20.0,
8163,91,9, Subscription TEST,,1,20.0,
8165,91,9, Subscription TEST,,1,20.0,
8167,91,9, Subscription TEST,,1,20.0,
8169,91,9, Subscription TEST,,1,20.0,
8171,73,9,Health Food Bars,Super Delicious! ,1,5.0,
8171,0,2,Sales Tax,,1,0.45,
8173,91,9, Subscription TEST,,1,20.0,
8175,91,9, Subscription TEST,,1,20.0,
8177,91,9, Subscription TEST,,1,20.0,
8179,91,9, Subscription TEST,,1,20.0,
8181,91,9, Subscription TEST,,1,20.0,
8183,91,9, Subscription TEST,,1,20.0,
8185,91,9, Subscription TEST,,1,20.0,
8187,73,9,Health Food Bars,Super Delicious! ,1,5.0,
8187,0,2,Sales Tax,,1,0.45,
8189,91,9, Subscription TEST,,1,20.0,
8191,91,9, Subscription TEST,,1,20.0,
8193,91,9, Subscription TEST,,1,20.0,
8195,91,9, Subscription TEST,,1,20.0,
8197,91,9, Subscription TEST,,1,20.0,
8199,91,9, Subscription TEST,,1,20.0,
8201,81,9,Offic Organization Monthly Tips,,1,20.0,
8203,91,9, Subscription TEST,,1,20.0,
8205,91,9, Subscription TEST,,1,20.0,
8207,73,9,Health Food Bars,Super Delicious! ,1,5.0,
8207,0,2,Sales Tax,,1,0.45,
8209,91,9, Subscription TEST,,1,20.0,
8211,91,9, Subscription TEST,,1,20.0,
8213,91,9, Subscription TEST,,1,20.0,
8215,91,9, Subscription TEST,,1,20.0,
8217,91,9, Subscription TEST,,1,20.0,
8219,91,9, Subscription TEST,,1,20.0,
8221,91,9, Subscription TEST,,1,20.0,
8223,91,9, Subscription TEST,,1,20.0,
8225,73,9,Health Food Bars,Super Delicious! ,1,5.0,
8225,0,2,Sales Tax,,1,0.45,
8227,91,9, Subscription TEST,,1,20.0,
8229,91,9, Subscription TEST,,1,20.0,
8231,91,9, Subscription TEST,,1,20.0,
8233,91,9, Subscription TEST,,1,20.0,
8235,91,9, Subscription TEST,,1,20.0,
8237,91,9, Subscription TEST,,1,20.0,
8239,91,9, Subscription TEST,,1,20.0,
8241,73,9,Health Food Bars,Super Delicious! ,1,5.0,
8241,0,2,Sales Tax,,1,0.45,
8243,91,9, Subscription TEST,,1,20.0,
8245,91,9, Subscription TEST,,1,20.0,
8247,91,9, Subscription TEST,,1,20.0,
8249,91,9, Subscription TEST,,1,20.0,
8251,91,9, Subscription TEST,,1,20.0,
8253,91,9, Subscription TEST,,1,20.0,
8255,91,9, Subscription TEST,,1,20.0,
8257,73,9,Health Food Bars,Super Delicious! ,1,5.0,
8257,0,2,Sales Tax,,1,0.45,
8259,91,9, Subscription TEST,,1,20.0,
8261,91,9, Subscription TEST,,1,20.0,
8263,91,9, Subscription TEST,,1,20.0,
8265,91,9, Subscription TEST,,1,20.0,
8267,91,9, Subscription TEST,,1,20.0,
8269,91,9, Subscription TEST,,1,20.0,
8271,91,9, Subscription TEST,,1,20.0,
8273,73,9,Health Food Bars,Super Delicious! ,1,5.0,
8273,0,2,Sales Tax,,1,0.45,
8275,91,9, Subscription TEST,,1,20.0,
8277,91,9, Subscription TEST,,1,20.0,
8279,81,9,Offic Organization Monthly Tips,,1,20.0,
8281,91,9, Subscription TEST,,1,20.0,
8283,91,9, Subscription TEST,,1,20.0,
8285,91,9, Subscription TEST,,1,20.0,
8287,91,9, Subscription TEST,,1,20.0,
8289,91,9, Subscription TEST,,1,20.0,
8291,91,9, Subscription TEST,,1,20.0,
8293,73,9,Health Food Bars,Super Delicious! ,1,5.0,
8293,0,2,Sales Tax,,1,0.45,
8295,91,9, Subscription TEST,,1,20.0,
8297,91,9, Subscription TEST,,1,20.0,
8299,91,9, Subscription TEST,,1,20.0,
8301,91,9, Subscription TEST,,1,20.0,
8303,91,9, Subscription TEST,,1,20.0,
8305,91,9, Subscription TEST,,1,20.0,
8307,91,9, Subscription TEST,,1,20.0,
8309,91,9, Subscription TEST,,1,20.0,
8311,73,9,Health Food Bars,Super Delicious! ,1,5.0,
8311,0,2,Sales Tax,,1,0.45,
8313,91,9, Subscription TEST,,1,20.0,
8315,91,9, Subscription TEST,,1,20.0,
8317,91,9, Subscription TEST,,1,20.0,
8319,91,9, Subscription TEST,,1,20.0,
8321,91,9, Subscription TEST,,1,20.0,
8323,91,9, Subscription TEST,,1,20.0,
8325,91,9, Subscription TEST,,1,20.0,
8327,73,9,Health Food Bars,Super Delicious! ,1,5.0,
8327,0,2,Sales Tax,,1,0.45,
8329,91,9, Subscription TEST,,1,20.0,
8331,91,9, Subscription TEST,,1,20.0,
8333,91,9, Subscription TEST,,1,20.0,
8335,91,9, Subscription TEST,,1,20.0,
8337,91,9, Subscription TEST,,1,20.0,
8339,91,9, Subscription TEST,,1,20.0,
8341,91,9, Subscription TEST,,1,20.0,
8343,73,9,Health Food Bars,Super Delicious! ,1,5.0,
8343,0,2,Sales Tax,,1,0.45,
8345,91,9, Subscription TEST,,1,20.0,
8347,91,9, Subscription TEST,,1,20.0,
8349,91,9, Subscription TEST,,1,20.0,
8351,91,9, Subscription TEST,,1,20.0,
8353,81,9,Offic Organization Monthly Tips,,1,20.0,
8355,91,9, Subscription TEST,,1,20.0,
8357,91,9, Subscription TEST,,1,20.0,
8359,91,9, Subscription TEST,,1,20.0,
8361,91,9, Subscription TEST,,1,20.0,
8363,73,9,Health Food Bars,Super Delicious! ,1,5.0,
8363,0,2,Sales Tax,,1,0.45,
8365,91,9, Subscription TEST,,1,20.0,
8367,91,9, Subscription TEST,,1,20.0,
8369,91,9, Subscription TEST,,1,20.0,
8371,91,9, Subscription TEST,,1,20.0,
8373,91,9, Subscription TEST,,1,20.0,
8375,91,9, Subscription TEST,,1,20.0,
8377,91,9, Subscription TEST,,1,20.0,
8379,91,9, Subscription TEST,,1,20.0,
8381,73,9,Health Food Bars,Super Delicious! ,1,5.0,
8381,0,2,Sales Tax,,1,0.45,
8383,91,9, Subscription TEST,,1,20.0,
8385,91,9, Subscription TEST,,1,20.0,
8387,91,9, Subscription TEST,,1,20.0,
8389,91,9, Subscription TEST,,1,20.0,
8391,91,9, Subscription TEST,,1,20.0,
8393,91,9, Subscription TEST,,1,20.0,
8395,85,4,Corp Draw Playmat,printed by Inked Playmats ,1,25.0,
8395,0,1,Shipping,,1,5.0,
8397,91,9, Subscription TEST,,1,20.0,
8399,73,9,Health Food Bars,Super Delicious! ,1,5.0,
8399,0,2,Sales Tax,,1,0.45,
8401,91,9, Subscription TEST,,1,20.0,
8403,91,9, Subscription TEST,,1,20.0,
8405,91,9, Subscription TEST,,1,20.0,
8407,91,9, Subscription TEST,,1,20.0,
8409,91,9, Subscription TEST,,1,20.0,
8411,91,9, Subscription TEST,,1,20.0,
8413,91,9, Subscription TEST,,1,20.0,
8415,73,9,Health Food Bars,Super Delicious! ,1,5.0,
8415,0,2,Sales Tax,,1,0.45,
8417,91,9, Subscription TEST,,1,20.0,
8419,91,9, Subscription TEST,,1,20.0,
8421,91,9, Subscription TEST,,1,20.0,
8423,91,9, Subscription TEST,,1,20.0,
8425,91,9, Subscription TEST,,1,20.0,
8427,91,9, Subscription TEST,,1,20.0,
8429,91,9, Subscription TEST,,1,20.0,
8431,73,9,Health Food Bars,Super Delicious! ,1,5.0,
8431,0,2,Sales Tax,,1,0.45,
8433,81,9,Offic Organization Monthly Tips,,1,20.0,
8435,91,9, Subscription TEST,,1,20.0,
8437,91,9, Subscription TEST,,1,20.0,
8439,91,9, Subscription TEST,,1,20.0,
8441,91,9, Subscription TEST,,1,20.0,
8443,91,9, Subscription TEST,,1,20.0,
8445,91,9, Subscription TEST,,1,20.0,
8447,91,9, Subscription TEST,,1,20.0,
8449,91,9, Subscription TEST,,1,20.0,
8451,91,9, Subscription TEST,,1,20.0,
8453,73,9,Health Food Bars,Super Delicious! ,1,5.0,
8453,0,2,Sales Tax,,1,0.45,
8455,91,9, Subscription TEST,,1,20.0,
8457,91,9, Subscription TEST,,1,20.0,
8459,91,9, Subscription TEST,,1,20.0,
8461,91,9, Subscription TEST,,1,20.0,
8463,91,9, Subscription TEST,,1,20.0,
8465,91,9, Subscription TEST,,1,20.0,
8467,91,9, Subscription TEST,,1,20.0,
8469,73,9,Health Food Bars,Super Delicious! ,1,5.0,
8469,0,2,Sales Tax,,1,0.45,
8471,91,9, Subscription TEST,,1,20.0,
8473,91,9, Subscription TEST,,1,20.0,
8475,91,9, Subscription TEST,,1,20.0,
8477,91,9, Subscription TEST,,1,20.0,
8479,91,9, Subscription TEST,,1,20.0,
8481,91,9, Subscription TEST,,1,20.0,
8483,91,9, Subscription TEST,,1,20.0,
8485,73,9,Health Food Bars,Super Delicious! ,1,5.0,
8485,0,2,Sales Tax,,1,0.45,
8487,91,9, Subscription TEST,,1,20.0,
8489,91,9, Subscription TEST,,1,20.0,
8491,91,9, Subscription TEST,,1,20.0,
8493,91,9, Subscription TEST,,1,20.0,
8495,91,9, Subscription TEST,,1,20.0,
8497,91,9, Subscription TEST,,1,20.0,
8499,91,9, Subscription TEST,,1,20.0,
8501,73,9,Health Food Bars,Super Delicious! ,1,5.0,
8501,0,2,Sales Tax,,1,0.45,
8503,91,9, Subscription TEST,,1,20.0,
8505,91,9, Subscription TEST,,1,20.0,
8507,81,9,Offic Organization Monthly Tips,,1,20.0,
8509,91,9, Subscription TEST,,1,20.0,
8511,91,9, Subscription TEST,,1,20.0,
8513,91,9, Subscription TEST,,1,20.0,
8515,91,9, Subscription TEST,,1,20.0,
8517,91,9, Subscription TEST,,1,20.0,
8519,91,9, Subscription TEST,,1,20.0,
8521,73,9,Health Food Bars,Super Delicious! ,1,5.0,
8521,0,2,Sales Tax,,1,0.45,
8523,91,9, Subscription TEST,,1,20.0,
8525,91,9, Subscription TEST,,1,20.0,
8527,91,9, Subscription TEST,,1,20.0,
8529,91,9, Subscription TEST,,1,20.0,
8531,91,9, Subscription TEST,,1,20.0,
8533,91,9, Subscription TEST,,1,20.0,
8535,91,9, Subscription TEST,,1,20.0,
8537,91,9, Subscription TEST,,1,20.0,
8539,73,9,Health Food Bars,Super Delicious! ,1,5.0,
8539,0,2,Sales Tax,,1,0.45,
8541,91,9, Subscription TEST,,1,20.0,
8543,91,9, Subscription TEST,,1,20.0,
8545,91,9, Subscription TEST,,1,20.0,
8547,91,9, Subscription TEST,,1,20.0,
8549,91,9, Subscription TEST,,1,20.0,
8551,91,9, Subscription TEST,,1,20.0,
8553,91,9, Subscription TEST,,1,20.0,
8555,73,9,Health Food Bars,Super Delicious! ,1,5.0,
8555,0,2,Sales Tax,,1,0.45,
8557,91,9, Subscription TEST,,1,20.0,
8559,91,9, Subscription TEST,,1,20.0,
8561,91,9, Subscription TEST,,1,20.0,
8563,91,9, Subscription TEST,,1,20.0,
8565,91,9, Subscription TEST,,1,20.0,
8567,91,9, Subscription TEST,,1,20.0,
8569,91,9, Subscription TEST,,1,20.0,
8571,73,9,Health Food Bars,Super Delicious! ,1,5.0,
8571,0,2,Sales Tax,,1,0.45,
8573,91,9, Subscription TEST,,1,20.0,
8575,91,9, Subscription TEST,,1,20.0,
8577,91,9, Subscription TEST,,1,20.0,
8579,91,9, Subscription TEST,,1,20.0,
8581,91,9, Subscription TEST,,1,20.0,
8583,81,9,Offic Organization Monthly Tips,,1,20.0,
8585,91,9, Subscription TEST,,1,20.0,
8587,91,9, Subscription TEST,,1,20.0,
8589,91,9, Subscription TEST,,1,20.0,
8591,73,9,Health Food Bars,Super Delicious! ,1,5.0,
8591,0,2,Sales Tax,,1,0.45,
8593,91,9, Subscription TEST,,1,20.0,
8595,91,9, Subscription TEST,,1,20.0,
8597,91,9, Subscription TEST,,1,20.0,
8599,91,9, Subscription TEST,,1,20.0,
8601,91,9, Subscription TEST,,1,20.0,
8603,91,9, Subscription TEST,,1,20.0,
8605,91,9, Subscription TEST,,1,20.0,
8607,91,9, Subscription TEST,,1,20.0,
8609,73,9,Health Food Bars,Super Delicious! ,1,5.0,
8609,0,2,Sales Tax,,1,0.45,
8611,91,9, Subscription TEST,,1,20.0,
8613,91,9, Subscription TEST,,1,20.0,
8615,91,9, Subscription TEST,,1,20.0,
8617,91,9, Subscription TEST,,1,20.0,
8619,91,9, Subscription TEST,,1,20.0,
8621,91,9, Subscription TEST,,1,20.0,
8623,91,9, Subscription TEST,,1,20.0,
8625,73,9,Health Food Bars,Super Delicious! ,1,5.0,
8625,0,2,Sales Tax,,1,0.45,
8627,91,9, Subscription TEST,,1,20.0,
8629,91,9, Subscription TEST,,1,20.0,
8631,91,9, Subscription TEST,,1,20.0,
8633,91,9, Subscription TEST,,1,20.0,
8635,91,9, Subscription TEST,,1,20.0,
8637,91,9, Subscription TEST,,1,20.0,
8639,91,9, Subscription TEST,,1,20.0,
8641,73,9,Health Food Bars,Super Delicious! ,1,5.0,
8641,0,2,Sales Tax,,1,0.45,
8643,91,9, Subscription TEST,,1,20.0,
8645,91,9, Subscription TEST,,1,20.0,
8647,91,9, Subscription TEST,,1,20.0,
8649,91,9, Subscription TEST,,1,20.0,
8651,91,9, Subscription TEST,,1,20.0,
8653,91,9, Subscription TEST,,1,20.0,
8655,91,9, Subscription TEST,,1,20.0,
8657,73,9,Health Food Bars,Super Delicious! ,1,5.0,
8657,0,2,Sales Tax,,1,0.45,
8659,91,9, Subscription TEST,,1,20.0,
8661,81,9,Offic Organization Monthly Tips,,1,20.0,
8663,91,9, Subscription TEST,,1,20.0,
8665,91,9, Subscription TEST,,1,20.0,
8667,91,9, Subscription TEST,,1,20.0,
8669,91,9, Subscription TEST,,1,20.0,
8671,91,9, Subscription TEST,,1,20.0,
8673,91,9, Subscription TEST,,1,20.0,
8675,91,9, Subscription TEST,,1,20.0,
8677,91,9, Subscription TEST,,1,20.0,
8679,73,9,Health Food Bars,Super Delicious! ,1,5.0,
8679,0,2,Sales Tax,,1,0.45,
8681,91,9, Subscription TEST,,1,20.0,
8683,91,9, Subscription TEST,,1,20.0,
8685,91,9, Subscription TEST,,1,20.0,
8687,91,9, Subscription TEST,,1,20.0,
8689,91,9, Subscription TEST,,1,20.0,
8691,91,9, Subscription TEST,,1,20.0,
8693,91,9, Subscription TEST,,1,20.0,
8695,73,9,Health Food Bars,Super Delicious! ,1,5.0,
8695,0,2,Sales Tax,,1,0.45,
8697,91,9, Subscription TEST,,1,20.0,
8699,91,9, Subscription TEST,,1,20.0,
8701,91,9, Subscription TEST,,1,20.0,
8703,91,9, Subscription TEST,,1,20.0,
8705,91,9, Subscription TEST,,1,20.0,
8707,91,9, Subscription TEST,,1,20.0,
8709,91,9, Subscription TEST,,1,20.0,
8711,73,9,Health Food Bars,Super Delicious! ,1,5.0,
8711,0,2,Sales Tax,,1,0.45,
8713,91,9, Subscription TEST,,1,20.0,
8715,91,9, Subscription TEST,,1,20.0,
8717,91,9, Subscription TEST,,1,20.0,
8719,91,9, Subscription TEST,,1,20.0,
8721,91,9, Subscription TEST,,1,20.0,
8723,91,9, Subscription TEST,,1,20.0,
8725,91,9, Subscription TEST,,1,20.0,
8727,73,9,Health Food Bars,Super Delicious! ,1,5.0,
8727,0,2,Sales Tax,,1,0.45,
8729,91,9, Subscription TEST,,1,20.0,
8731,91,9, Subscription TEST,,1,20.0,
8733,91,9, Subscription TEST,,1,20.0,
8735,81,9,Offic Organization Monthly Tips,,1,20.0,
8737,91,9, Subscription TEST,,1,20.0,
8739,91,9, Subscription TEST,,1,20.0,
8741,91,9, Subscription TEST,,1,20.0,
8743,91,9, Subscription TEST,,1,20.0,
8745,91,9, Subscription TEST,,1,20.0,
8747,73,9,Health Food Bars,Super Delicious! ,1,5.0,
8747,0,2,Sales Tax,,1,0.45,
8749,91,9, Subscription TEST,,1,20.0,
8751,91,9, Subscription TEST,,1,20.0,
8753,91,9, Subscription TEST,,1,20.0,
8755,91,9, Subscription TEST,,1,20.0,
8757,91,9, Subscription TEST,,1,20.0,
8759,91,9, Subscription TEST,,1,20.0,
8761,91,9, Subscription TEST,,1,20.0,
8763,91,9, Subscription TEST,,1,20.0,
8765,73,9,Health Food Bars,Super Delicious! ,1,5.0,
8765,0,2,Sales Tax,,1,0.45,
8767,91,9, Subscription TEST,,1,20.0,
8769,91,9, Subscription TEST,,1,20.0,
8771,91,9, Subscription TEST,,1,20.0,
8773,91,9, Subscription TEST,,1,20.0,
8775,91,9, Subscription TEST,,1,20.0,
8777,91,9, Subscription TEST,,1,20.0,
8779,91,9, Subscription TEST,,1,20.0,
8781,73,9,Health Food Bars,Super Delicious! ,1,5.0,
8781,0,2,Sales Tax,,1,0.45,
8783,91,9, Subscription TEST,,1,20.0,
8785,91,9, Subscription TEST,,1,20.0,
8787,91,9, Subscription TEST,,1,20.0,
8789,91,9, Subscription TEST,,1,20.0,
8791,91,9, Subscription TEST,,1,20.0,
8793,91,9, Subscription TEST,,1,20.0,
8795,91,9, Subscription TEST,,1,20.0,
8797,73,9,Health Food Bars,Super Delicious! ,1,5.0,
8797,0,2,Sales Tax,,1,0.45,
8799,91,9, Subscription TEST,,1,20.0,
8803,91,9, Subscription TEST,,1,20.0,
8805,91,9, Subscription TEST,,1,20.0,
8807,91,9, Subscription TEST,,1,20.0,
8809,91,9, Subscription TEST,,1,20.0,
8811,91,9, Subscription TEST,,1,20.0,
8813,81,9,Offic Organization Monthly Tips,,1,20.0,
8815,91,9, Subscription TEST,,1,20.0,
8817,91,9, Subscription TEST,,1,20.0,
8819,73,9,Health Food Bars,Super Delicious! ,1,5.0,
8819,0,2,Sales Tax,,1,0.45,
8821,91,9, Subscription TEST,,1,20.0,
8823,91,9, Subscription TEST,,1,20.0,
8825,91,9, Subscription TEST,,1,20.0,
8827,91,9, Subscription TEST,,1,20.0,
8829,91,9, Subscription TEST,,1,20.0,
8831,91,9, Subscription TEST,,1,20.0,
8833,91,9, Subscription TEST,,1,20.0,
8835,91,9, Subscription TEST,,1,20.0,
8837,73,9,Health Food Bars,Super Delicious! ,1,5.0,
8837,0,2,Sales Tax,,1,0.45,
8839,91,9, Subscription TEST,,1,20.0,
8841,91,9, Subscription TEST,,1,20.0,
8843,91,9, Subscription TEST,,1,20.0,
8845,91,9, Subscription TEST,,1,20.0,
8847,91,9, Subscription TEST,,1,20.0,
8849,91,9, Subscription TEST,,1,20.0,
8851,91,9, Subscription TEST,,1,20.0,
8853,73,9,Health Food Bars,Super Delicious! ,1,5.0,
8853,0,2,Sales Tax,,1,0.45,
8855,91,9, Subscription TEST,,1,20.0,
8857,91,9, Subscription TEST,,1,20.0,
8859,91,9, Subscription TEST,,1,20.0,
8861,91,9, Subscription TEST,,1,20.0,
8863,91,9, Subscription TEST,,1,20.0,
8865,91,9, Subscription TEST,,1,20.0,
8867,91,9, Subscription TEST,,1,20.0,
8869,73,9,Health Food Bars,Super Delicious! ,1,5.0,
8869,0,2,Sales Tax,,1,0.45,
8871,91,9, Subscription TEST,,1,20.0,
8873,91,9, Subscription TEST,,1,20.0,
8875,91,9, Subscription TEST,,1,20.0,
8877,91,9, Subscription TEST,,1,20.0,
8879,91,9, Subscription TEST,,1,20.0,
8881,91,9, Subscription TEST,,1,20.0,
8883,91,9, Subscription TEST,,1,20.0,
8885,73,9,Health Food Bars,Super Delicious! ,1,5.0,
8885,0,2,Sales Tax,,1,0.45,
8887,91,9, Subscription TEST,,1,20.0,
8889,81,9,Offic Organization Monthly Tips,,1,20.0,
8891,91,9, Subscription TEST,,1,20.0,
8893,91,9, Subscription TEST,,1,20.0,
8895,91,9, Subscription TEST,,1,20.0,
8897,91,9, Subscription TEST,,1,20.0,
8899,91,9, Subscription TEST,,1,20.0,
8901,91,9, Subscription TEST,,1,20.0,
8903,91,9, Subscription TEST,,1,20.0,
8905,91,9, Subscription TEST,,1,20.0,
8907,73,9,Health Food Bars,Super Delicious! ,1,5.0,
8907,0,2,Sales Tax,,1,0.45,
8909,91,9, Subscription TEST,,1,20.0,
8911,91,9, Subscription TEST,,1,20.0,
8913,91,9, Subscription TEST,,1,20.0,
8915,91,9, Subscription TEST,,1,20.0,
8917,91,9, Subscription TEST,,1,20.0,
8919,91,9, Subscription TEST,,1,20.0,
8921,91,9, Subscription TEST,,1,20.0,
8923,73,9,Health Food Bars,Super Delicious! ,1,5.0,
8923,0,2,Sales Tax,,1,0.45,
8925,91,9, Subscription TEST,,1,20.0,
8927,91,9, Subscription TEST,,1,20.0,
8929,91,9, Subscription TEST,,1,20.0,
8931,91,9, Subscription TEST,,1,20.0,
8933,91,9, Subscription TEST,,1,20.0,
8935,91,9, Subscription TEST,,1,20.0,
8937,91,9, Subscription TEST,,1,20.0,
8939,73,9,Health Food Bars,Super Delicious! ,1,5.0,
8939,0,2,Sales Tax,,1,0.45,
8941,91,9, Subscription TEST,,1,20.0,
8943,91,9, Subscription TEST,,1,20.0,
8945,91,9, Subscription TEST,,1,20.0,
8947,91,9, Subscription TEST,,1,20.0,
8949,91,9, Subscription TEST,,1,20.0,
8951,91,9, Subscription TEST,,1,20.0,
8953,91,9, Subscription TEST,,1,20.0,
8955,73,9,Health Food Bars,Super Delicious! ,1,5.0,
8955,0,2,Sales Tax,,1,0.45,
8957,91,9, Subscription TEST,,1,20.0,
8959,91,9, Subscription TEST,,1,20.0,
8961,91,9, Subscription TEST,,1,20.0,
8963,91,9, Subscription TEST,,1,20.0,
8965,81,9,Offic Organization Monthly Tips,,1,20.0,
8967,91,9, Subscription TEST,,1,20.0,
8969,91,9, Subscription TEST,,1,20.0,
8971,91,9, Subscription TEST,,1,20.0,
8973,91,9, Subscription TEST,,1,20.0,
8975,73,9,Health Food Bars,Super Delicious! ,1,5.0,
8975,0,2,Sales Tax,,1,0.45,
8977,91,9, Subscription TEST,,1,20.0,
8979,91,9, Subscription TEST,,1,20.0,
8981,91,9, Subscription TEST,,1,20.0,
8983,91,9, Subscription TEST,,1,20.0,
8985,91,9, Subscription TEST,,1,20.0,
8987,91,9, Subscription TEST,,1,20.0,
8989,91,9, Subscription TEST,,1,20.0,
8991,91,9, Subscription TEST,,1,20.0,
8993,73,9,Health Food Bars,Super Delicious! ,1,5.0,
8993,0,2,Sales Tax,,1,0.45,
8995,91,9, Subscription TEST,,1,20.0,
8997,91,9, Subscription TEST,,1,20.0,
8999,91,9, Subscription TEST,,1,20.0,
9001,91,9, Subscription TEST,,1,20.0,
9003,91,9, Subscription TEST,,1,20.0,
9005,91,9, Subscription TEST,,1,20.0,
9007,91,9, Subscription TEST,,1,20.0,
9009,73,9,Health Food Bars,Super Delicious! ,1,5.0,
9009,0,2,Sales Tax,,1,0.45,
9011,91,9, Subscription TEST,,1,20.0,
9013,91,9, Subscription TEST,,1,20.0,
9015,91,9, Subscription TEST,,1,20.0,
9017,91,9, Subscription TEST,,1,20.0,
9019,91,9, Subscription TEST,,1,20.0,
9021,91,9, Subscription TEST,,1,20.0,
9023,91,9, Subscription TEST,,1,20.0,
9025,73,9,Health Food Bars,Super Delicious! ,1,5.0,
9025,0,2,Sales Tax,,1,0.45,
9027,91,9, Subscription TEST,,1,20.0,
9029,91,9, Subscription TEST,,1,20.0,
9031,91,9, Subscription TEST,,1,20.0,
9033,91,9, Subscription TEST,,1,20.0,
9035,91,9, Subscription TEST,,1,20.0,
9037,91,9, Subscription TEST,,1,20.0,
9039,91,9, Subscription TEST,,1,20.0,
9041,73,9,Health Food Bars,Super Delicious! ,1,5.0,
9041,0,2,Sales Tax,,1,0.45,
9043,81,9,Offic Organization Monthly Tips,,1,20.0,
9045,91,9, Subscription TEST,,1,20.0,
9047,91,9, Subscription TEST,,1,20.0,
9049,91,9, Subscription TEST,,1,20.0,
9051,91,9, Subscription TEST,,1,20.0,
9053,91,9, Subscription TEST,,1,20.0,
9055,91,9, Subscription TEST,,1,20.0,
9057,91,9, Subscription TEST,,1,20.0,
9059,91,9, Subscription TEST,,1,20.0,
9061,91,9, Subscription TEST,,1,20.0,
9063,73,9,Health Food Bars,Super Delicious! ,1,5.0,
9063,0,2,Sales Tax,,1,0.45,
9065,91,9, Subscription TEST,,1,20.0,
9067,91,9, Subscription TEST,,1,20.0,
9069,91,9, Subscription TEST,,1,20.0,
9071,91,9, Subscription TEST,,1,20.0,
9073,91,9, Subscription TEST,,1,20.0,
9075,91,9, Subscription TEST,,1,20.0,
9077,91,9, Subscription TEST,,1,20.0,
9079,73,9,Health Food Bars,Super Delicious! ,1,5.0,
9079,0,2,Sales Tax,,1,0.45,
9081,91,9, Subscription TEST,,1,20.0,
9083,91,9, Subscription TEST,,1,20.0,
9085,91,9, Subscription TEST,,1,20.0,
9087,91,9, Subscription TEST,,1,20.0,
9089,91,9, Subscription TEST,,1,20.0,
9091,91,9, Subscription TEST,,1,20.0,
9093,91,9, Subscription TEST,,1,20.0,
9095,73,9,Health Food Bars,Super Delicious! ,1,5.0,
9095,0,2,Sales Tax,,1,0.45,
9097,91,9, Subscription TEST,,1,20.0,
9099,91,9, Subscription TEST,,1,20.0,
9101,91,9, Subscription TEST,,1,20.0,
9103,91,9, Subscription TEST,,1,20.0,
9105,91,9, Subscription TEST,,1,20.0,
9107,91,9, Subscription TEST,,1,20.0,
9109,91,9, Subscription TEST,,1,20.0,
9111,73,9,Health Food Bars,Super Delicious! ,1,5.0,
9111,0,2,Sales Tax,,1,0.45,
9113,81,9,Offic Organization Monthly Tips,,1,20.0,
9115,91,9, Subscription TEST,,1,20.0,
9117,91,9, Subscription TEST,,1,20.0,
9119,91,9, Subscription TEST,,1,20.0,
9121,91,9, Subscription TEST,,1,20.0,
9123,91,9, Subscription TEST,,1,20.0,
9125,91,9, Subscription TEST,,1,20.0,
9127,91,9, Subscription TEST,,1,20.0,
9129,91,9, Subscription TEST,,1,20.0,
9131,91,9, Subscription TEST,,1,20.0,
9133,73,9,Health Food Bars,Super Delicious! ,1,5.0,
9133,0,2,Sales Tax,,1,0.45,
9135,91,9, Subscription TEST,,1,20.0,
9137,91,9, Subscription TEST,,1,20.0,
9139,91,9, Subscription TEST,,1,20.0,
9141,91,9, Subscription TEST,,1,20.0,
9143,91,9, Subscription TEST,,1,20.0,
9145,91,9, Subscription TEST,,1,20.0,
9147,91,9, Subscription TEST,,1,20.0,
9149,73,9,Health Food Bars,Super Delicious! ,1,5.0,
9149,0,2,Sales Tax,,1,0.45,
9151,91,9, Subscription TEST,,1,20.0,
9153,91,9, Subscription TEST,,1,20.0,
9155,91,9, Subscription TEST,,1,20.0,
9157,91,9, Subscription TEST,,1,20.0,
9159,91,9, Subscription TEST,,1,20.0,
9161,91,9, Subscription TEST,,1,20.0,
9163,91,9, Subscription TEST,,1,20.0,
9165,73,9,Health Food Bars,Super Delicious! ,1,5.0,
9165,0,2,Sales Tax,,1,0.45,
9167,91,9, Subscription TEST,,1,20.0,
9169,91,9, Subscription TEST,,1,20.0,
9171,91,9, Subscription TEST,,1,20.0,
9173,91,9, Subscription TEST,,1,20.0,
9175,91,9, Subscription TEST,,1,20.0,
9177,91,9, Subscription TEST,,1,20.0,
9179,91,9, Subscription TEST,,1,20.0,
9181,73,9,Health Food Bars,Super Delicious! ,1,5.0,
9181,0,2,Sales Tax,,1,0.45,
9183,91,9, Subscription TEST,,1,20.0,
9185,91,9, Subscription TEST,,1,20.0,
9187,91,9, Subscription TEST,,1,20.0,
9189,81,9,Offic Organization Monthly Tips,,1,20.0,
9191,91,9, Subscription TEST,,1,20.0,
9193,91,9, Subscription TEST,,1,20.0,
9195,91,9, Subscription TEST,,1,20.0,
9197,91,9, Subscription TEST,,1,20.0,
9199,91,9, Subscription TEST,,1,20.0,
9201,73,9,Health Food Bars,Super Delicious! ,1,5.0,
9201,0,2,Sales Tax,,1,0.45,
9203,91,9, Subscription TEST,,1,20.0,
9205,91,9, Subscription TEST,,1,20.0,
9207,91,9, Subscription TEST,,1,20.0,
9209,91,9, Subscription TEST,,1,20.0,
9211,91,9, Subscription TEST,,1,20.0,
9213,91,9, Subscription TEST,,1,20.0,
9215,91,9, Subscription TEST,,1,20.0,
9217,91,9, Subscription TEST,,1,20.0,
9219,73,9,Health Food Bars,Super Delicious! ,1,5.0,
9219,0,2,Sales Tax,,1,0.45,
9221,91,9, Subscription TEST,,1,20.0,
9223,89,4,City Taxable Product,,1,5000.0,
9225,91,9, Subscription TEST,,1,20.0,
